set,count,mean,std,median,mean_abs,max_abs,p95_abs
before,1674,11.706912,0.895708,11.729404,11.706912,14.349640,13.097545
after,1674,-0.000745,0.514408,0.024986,0.372896,2.369797,1.078365
